﻿<?xml version="1.0" encoding="utf-8"?>
<root product-version="12.2.17.0">
  <entities>
    <entity ref="global">
      <uploads />
      <attribute name="3c6e453a-ccd6-41e5-ae3d-19911666c4ad" type="text" validation-message="Invalid value.">
        <text>
          <base>the amount of waste left</base>
        </text>
      </attribute>
      <attribute name="8bbcaa76-9d8d-490a-82d8-aec6d71034b3" type="text" validation-message="Invalid value.">
        <text>
          <base>customer first name</base>
        </text>
      </attribute>
      <attribute name="d8dc0944-c7d3-46b2-9ddd-d5ec18672d79" type="text" validation-message="Invalid value.">
        <text>
          <base>customer last name</base>
        </text>
      </attribute>
      <attribute name="adc2a62e-1c06-4128-a36a-1f56adb03aea" type="text" validation-message="Invalid value.">
        <text>
          <base>customer e-mail address</base>
        </text>
      </attribute>
      <attribute name="e274583e-d107-4999-8549-c32d669fb961" type="text" validation-message="Invalid value.">
        <text>
          <base>the search location</base>
        </text>
      </attribute>
      <attribute name="cfb6bad4-d538-431f-b573-38501eb2f35c" type="boolean">
        <text>
          <base>the customer witnessed the fly-tipping</base>
          <parse>s(ver('12.2.9.943'),stat('the customer witnessed the fly-tipping'))</parse>
        </text>
      </attribute>
      <attribute name="2736ef29-76a4-4ec5-afdc-5af18827d8eb" type="boolean">
        <text>
          <base>the items that have been fly-tipped are known</base>
          <parse>s(ver('12.2.9.943'),v(be,t(simple,present,perfect)),sb('the items that',plural),o('fly-tipped are known'))</parse>
        </text>
      </attribute>
      <attribute name="4c446d75-feef-4a8a-9a21-40779501ddd5" type="text" user-created="true" validation-message="Invalid value.">
        <text>
          <base>Address</base>
        </text>
      </attribute>
    </entity>
  </entities>
  <relationships />
</root>